Energía | FRONIUS Symo 15.0-3 208 (1),Energía MPP1 | FRONIUS Symo 15.0-3 208 (1),Energía MPP2 | FRONIUS Symo 15.0-3 208 (1),Potencia aparente | FRONIUS Symo 15.0-3 208 (1),Potencia reactiva | FRONIUS Symo 15.0-3 208 (1),Energía suministrada a la red,Producción fotovoltaica,Unnamed: 8,Hora,Fecha
"   0,00   ","   0,00   ","   0,00   ","   0,00   ","   0,00   ","   0,00   ","   0,00   ",,00:00,01.07.2023
"   0,00   ","   0,00   ","   0,00   ","   0,00   ","   0,00   ","   0,00   ","   0,00   ",,00:05,01.07.2023
"   0,00   ","   0,00   ","   0,00   ","   0,00   ","   0,00   ","   0,00   ","   0,00   ",,00:10,01.07.2023
"   0,00   ","   0,00   ","   0,00   ","   0,00   ","   0,00   ","   0,00   ","   0,00   ",,00:15,01.07.2023
"   0,00   ","   0,00   ","   0,00   ","   0,00   ","   0,00   ","   0,00   ","   0,00   ",,00:20,01.07.2023
"   0,00   ","   0,00   ","   0,00   ","   0,00   ","   0,00   ","   0,00   ","   0,00   ",,00:25,01.07.2023
"   0,00   ","   0,00   ","   0,00   ","   0,00   ","   0,00   ","   0,00   ","   0,00   ",,00:30,01.07.2023
"   0,00   ","   0,00   ","   0,00   ","   0,00   ","   0,00   ","   0,00   ","   0,00   ",,00:35,01.07.2023
"   0,00   ","   0,00   ","   0,00   ","   0,00   ","   0,00   ","   0,00   ","   0,00   ",,00:40,01.07.2023
"   0,00   ","   0,00   ","   0,00   ","   0,00   ","   0,00   ","   0,00   ","   0,00   ",,00:45,01.07.2023
"   0,00   ","   0,00   ","   0,00   ","   0,00   ","   0,00   ","   0,00   ","   0,00   ",,00:50,01.07.2023
"   0,00   ","   0,00   ","   0,00   ","   0,00   ","   0,00   ","   0,00   ","   0,00   ",,00:55,01.07.2023
"   0,00   ","   0,00   ","   0,00   ","   0,00   ","   0,00   ","   0,00   ","   0,00   ",,01:00,01.07.2023
"   0,00   ","   0,00   ","   0,00   ","   0,00   ","   0,00   ","   0,00   ","   0,00   ",,01:05,01.07.2023
"   0,00   ","   0,00   ","   0,00   ","   0,00   ","   0,00   ","   0,00   ","   0,00   ",,01:10,01.07.2023
"   0,00   ","   0,00   ","   0,00   ","   0,00   ","   0,00   ","   0,00   ","   0,00   ",,01:15,01.07.2023
"   0,00   ","   0,00   ","   0,00   ","   0,00   ","   0,00   ","   0,00   ","   0,00   ",,01:20,01.07.2023
"   0,00   ","   0,00   ","   0,00   ","   0,00   ","   0,00   ","   0,00   ","   0,00   ",,01:25,01.07.2023
"   0,00   ","   0,00   ","   0,00   ","   0,00   ","   0,00   ","   0,00   ","   0,00   ",,01:30,01.07.2023
"   0,00   ","   0,00   ","   0,00   ","   0,00   ","   0,00   ","   0,00   ","   0,00   ",,01:35,01.07.2023
"   0,00   ","   0,00   ","   0,00   ","   0,00   ","   0,00   ","   0,00   ","   0,00   ",,01:40,01.07.2023
"   0,00   ","   0,00   ","   0,00   ","   0,00   ","   0,00   ","   0,00   ","   0,00   ",,01:45,01.07.2023
"   0,00   ","   0,00   ","   0,00   ","   0,00   ","   0,00   ","   0,00   ","   0,00   ",,01:50,01.07.2023
"   0,00   ","   0,00   ","   0,00   ","   0,00   ","   0,00   ","   0,00   ","   0,00   ",,01:55,01.07.2023
"   0,00   ","   0,00   ","   0,00   ","   0,00   ","   0,00   ","   0,00   ","   0,00   ",,02:00,01.07.2023
"   0,00   ","   0,00   ","   0,00   ","   0,00   ","   0,00   ","   0,00   ","   0,00   ",,02:05,01.07.2023
"   0,00   ","   0,00   ","   0,00   ","   0,00   ","   0,00   ","   0,00   ","   0,00   ",,02:10,01.07.2023
"   0,00   ","   0,00   ","   0,00   ","   0,00   ","   0,00   ","   0,00   ","   0,00   ",,02:15,01.07.2023
"   0,00   ","   0,00   ","   0,00   ","   0,00   ","   0,00   ","   0,00   ","   0,00   ",,02:20,01.07.2023
"   0,00   ","   0,00   ","   0,00   ","   0,00   ","   0,00   ","   0,00   ","   0,00   ",,02:25,01.07.2023
"   0,00   ","   0,00   ","   0,00   ","   0,00   ","   0,00   ","   0,00   ","   0,00   ",,02:30,01.07.2023
"   0,00   ","   0,00   ","   0,00   ","   0,00   ","   0,00   ","   0,00   ","   0,00   ",,02:35,01.07.2023
"   0,00   ","   0,00   ","   0,00   ","   0,00   ","   0,00   ","   0,00   ","   0,00   ",,02:40,01.07.2023
"   0,00   ","   0,00   ","   0,00   ","   0,00   ","   0,00   ","   0,00   ","   0,00   ",,02:45,01.07.2023
"   0,00   ","   0,00   ","   0,00   ","   0,00   ","   0,00   ","   0,00   ","   0,00   ",,02:50,01.07.2023
"   0,00   ","   0,00   ","   0,00   ","   0,00   ","   0,00   ","   0,00   ","   0,00   ",,02:55,01.07.2023
"   0,00   ","   0,00   ","   0,00   ","   0,00   ","   0,00   ","   0,00   ","   0,00   ",,03:00,01.07.2023
"   0,00   ","   0,00   ","   0,00   ","   0,00   ","   0,00   ","   0,00   ","   0,00   ",,03:05,01.07.2023
"   0,00   ","   0,00   ","   0,00   ","   0,00   ","   0,00   ","   0,00   ","   0,00   ",,03:10,01.07.2023
"   0,00   ","   0,00   ","   0,00   ","   0,00   ","   0,00   ","   0,00   ","   0,00   ",,03:15,01.07.2023
"   0,00   ","   0,00   ","   0,00   ","   0,00   ","   0,00   ","   0,00   ","   0,00   ",,03:20,01.07.2023
"   0,00   ","   0,00   ","   0,00   ","   0,00   ","   0,00   ","   0,00   ","   0,00   ",,03:25,01.07.2023
"   0,00   ","   0,00   ","   0,00   ","   0,00   ","   0,00   ","   0,00   ","   0,00   ",,03:30,01.07.2023
"   0,00   ","   0,00   ","   0,00   ","   0,00   ","   0,00   ","   0,00   ","   0,00   ",,03:35,01.07.2023
"   0,00   ","   0,00   ","   0,00   ","   0,00   ","   0,00   ","   0,00   ","   0,00   ",,03:40,01.07.2023
"   0,00   ","   0,00   ","   0,00   ","   0,00   ","   0,00   ","   0,00   ","   0,00   ",,03:45,01.07.2023
"   0,00   ","   0,00   ","   0,00   ","   0,00   ","   0,00   ","   0,00   ","   0,00   ",,03:50,01.07.2023
"   0,00   ","   0,00   ","   0,00   ","   0,00   ","   0,00   ","   0,00   ","   0,00   ",,03:55,01.07.2023
"   0,00   ","   0,00   ","   0,00   ","   0,00   ","   0,00   ","   0,00   ","   0,00   ",,04:00,01.07.2023
"   0,00   ","   0,00   ","   0,00   ","   0,00   ","   0,00   ","   0,00   ","   0,00   ",,04:05,01.07.2023
"   0,00   ","   0,00   ","   0,00   ","   0,00   ","   0,00   ","   0,00   ","   0,00   ",,04:10,01.07.2023
"   0,00   ","   0,00   ","   0,00   ","   0,00   ","   0,00   ","   0,00   ","   0,00   ",,04:15,01.07.2023
"   0,00   ","   0,00   ","   0,00   ","   0,00   ","   0,00   ","   0,00   ","   0,00   ",,04:20,01.07.2023
"   0,00   ","   0,00   ","   0,00   ","   0,00   ","   0,00   ","   0,00   ","   0,00   ",,04:25,01.07.2023
"   0,00   ","   0,00   ","   0,00   ","   0,00   ","   0,00   ","   0,00   ","   0,00   ",,04:30,01.07.2023
"   0,00   ","   0,00   ","   0,00   ","   0,00   ","   0,00   ","   0,00   ","   0,00   ",,04:35,01.07.2023
"   0,00   ","   0,00   ","   0,00   ","   0,00   ","   0,00   ","   0,00   ","   0,00   ",,04:40,01.07.2023
"   0,00   ","   0,00   ","   0,00   ","   0,00   ","   0,00   ","   0,00   ","   0,00   ",,04:45,01.07.2023
"   0,00   ","   0,00   ","   0,00   ","   0,00   ","   0,00   ","   0,00   ","   0,00   ",,04:50,01.07.2023
"   0,00   ","   0,00   ","   0,00   ","   0,00   ","   0,00   ","   0,00   ","   0,00   ",,04:55,01.07.2023
"   0,00   ","   0,00   ","   0,00   ","   0,00   ","   0,00   ","   0,00   ","   0,00   ",,05:00,01.07.2023
"   0,00   ","   0,00   ","   0,00   ","   0,00   ","   0,00   ","   0,00   ","   0,00   ",,05:05,01.07.2023
"   0,00   ","   0,00   ","   0,00   ","   0,00   ","   0,00   ","   0,00   ","   0,00   ",,05:10,01.07.2023
"   0,00   ","   0,00   ","   0,00   ","   0,00   ","   0,00   ","   0,00   ","   0,00   ",,05:15,01.07.2023
"   0,00   ","   0,00   ","   0,00   ","   0,00   ","   0,00   ","   0,00   ","   0,00   ",,05:20,01.07.2023
"   0,00   ","   0,00   ","   0,00   ","   0,00   ","   0,00   ","   0,00   ","   0,00   ",,05:25,01.07.2023
"   0,00   ","   0,00   ","   0,00   ","   0,00   ","   0,00   ","   0,00   ","   0,00   ",,05:30,01.07.2023
"   0,00   ","   0,00   ","   0,00   ","   0,00   ","   0,00   ","   0,00   ","   0,00   ",,05:35,01.07.2023
"   0,00   ","   0,00   ","   0,00   ","   0,00   ","   0,00   ","   0,00   ","   0,00   ",,05:40,01.07.2023
"   0,00   ","   0,00   ","   0,00   ","   0,00   ","   0,00   ","   0,00   ","   0,00   ",,05:45,01.07.2023
"   0,00   ","   0,00   ","   0,00   ","   0,00   ","   0,00   ","   0,00   ","   0,00   ",,05:50,01.07.2023
"   0,00   ","   0,00   ","   0,00   ","   0,00   ","   0,00   ","   0,00   ","   0,00   ",,05:55,01.07.2023
"   0,00001","   0,00   ","   0,00   ","   0,00   ","   0,00   ","   0,00   ","   0,00   ",,06:00,01.07.2023
"   0,0011 ","   0,00   ","   0,00   ","   0,35   ","   0,35   ","   0,00   ","   0,00   ",,06:05,01.07.2023
"   0,00001","   0,00   ","   0,00   ","   0,20   ","   0,20   ","   0,00   ","   0,00   ",,06:10,01.07.2023
"   0,00083","   0,00   ","   0,00   ","   0,44   ","   0,44   ","   0,00   ","   0,00   ",,06:15,01.07.2023
"   0,00379","   0,00   ","   0,00   ","   0,45   ","   0,44   ","   0,00   ","   0,00   ",,06:20,01.07.2023
"   0,06926","   0,04   ","   0,03   ","   0,95   ","   0,46   ","   0,07   ","   0,07   ",,06:25,01.07.2023
"   2,74986","   1,46   ","   1,29   ","  33,53   ","   5,30   ","   2,75   ","   2,75   ",,06:30,01.07.2023
"   2,02125","   1,07   ","   0,95   ","  24,73   ","   4,82   ","   2,02   ","   2,02   ",,06:35,01.07.2023
"   4,05753","   2,13   ","   1,93   ","  49,24   ","   6,18   ","   4,06   ","   4,06   ",,06:40,01.07.2023
"   7,00469","   3,67   ","   3,33   ","  84,29   ","   6,33   ","   7,00   ","   7,00   ",,06:45,01.07.2023
"  11,55622","   6,08   ","   5,47   "," 139,30   ","   6,64   ","  11,00   ","  11,56   ",,06:50,01.07.2023
"  17,4262 ","   9,17   ","   8,25   "," 207,85   ","   7,01   ","  14,00   ","  17,43   ",,06:55,01.07.2023
"  24,07064","  12,68   ","  11,40   "," 288,93   ","   6,84   ","  21,00   ","  24,07   ",,07:00,01.07.2023
"  29,09614","  15,31   ","  13,78   "," 350,38   ","   6,31   ","  27,00   ","  29,10   ",,07:05,01.07.2023
"  32,7122 ","  17,21   ","  15,51   "," 392,59   ","   5,69   ","  31,00   ","  32,71   ",,07:10,01.07.2023
"  24,98329","  13,15   ","  11,84   "," 300,88   ","   6,82   ","  25,00   ","  25,00   ",,07:15,01.07.2023
"  23,11783","  12,17   ","  10,95   "," 277,50   ","   7,05   ","  20,00   ","  23,12   ",,07:20,01.07.2023
"  31,62818","  16,65   ","  14,98   "," 380,86   ","   6,20   ","  28,00   ","  31,63   ",,07:25,01.07.2023
"  55,39432","  29,13   ","  26,27   "," 664,73   ","   0,63   ","  48,00   ","  55,39   ",,07:30,01.07.2023
"  86,9768 ","  45,66   ","  41,31   ","1047,22   ","-   4,14   ","  79,00   ","  86,98   ",,07:35,01.07.2023
" 113,18653","  59,38   ","  53,81   ","1358,24   ","-   1,36   "," 107,00   "," 113,19   ",,07:40,01.07.2023
" 136,00776","  71,34   ","  64,67   ","1637,58   ","-  10,22   "," 131,00   "," 136,01   ",,07:45,01.07.2023
" 160,03974","  83,96   ","  76,08   ","1920,48   ","-   2,03   "," 154,00   "," 160,04   ",,07:50,01.07.2023
" 159,19579","  83,50   ","  75,70   ","1916,74   ","-   4,64   "," 160,00   "," 160,00   ",,07:55,01.07.2023
" 175,9931 ","  92,33   ","  83,67   ","2111,92   ","-   1,41   "," 169,00   "," 175,99   ",,08:00,01.07.2023
" 225,04129"," 118,01   "," 107,03   ","2709,54   ","-   9,11   "," 216,00   "," 225,04   ",,08:05,01.07.2023
" 232,02759"," 121,70   "," 110,33   ","2784,35   ","-  11,17   "," 233,00   "," 233,00   ",,08:10,01.07.2023
" 244,82579"," 128,39   "," 116,44   ","2947,77   ","-  14,38   "," 239,00   "," 244,83   ",,08:15,01.07.2023
" 242,95199"," 127,45   "," 115,50   ","2915,46   ","-  14,51   "," 245,00   "," 245,00   ",,08:20,01.07.2023
" 216,59085"," 113,56   "," 103,03   ","2607,81   ","-  12,06   "," 220,00   "," 220,00   ",,08:25,01.07.2023
" 197,87721"," 103,75   ","  94,13   ","2374,56   ","-  12,59   "," 205,00   "," 205,00   ",,08:30,01.07.2023
" 163,48478","  85,75   ","  77,74   ","1968,42   ","-  12,66   "," 165,00   "," 165,00   ",,08:35,01.07.2023
" 126,883  ","  66,55   ","  60,33   ","1522,62   ","-   7,87   "," 131,00   "," 131,00   ",,08:40,01.07.2023
" 167,61802","  87,90   ","  79,72   ","2018,17   ","-  10,40   "," 157,00   "," 167,62   ",,08:45,01.07.2023
" 192,45281"," 100,90   ","  91,55   ","2309,45   ","-   9,33   "," 194,00   "," 194,00   ",,08:50,01.07.2023
" 150,94369","  79,15   ","  71,79   ","1817,38   ","   1,34   "," 153,00   "," 153,00   ",,08:55,01.07.2023
" 164,05298","  86,01   ","  78,04   ","1968,64   ","-   5,66   "," 161,00   "," 164,05   ",,09:00,01.07.2023
" 182,88087","  95,92   ","  86,96   ","2201,93   ","-   9,91   "," 178,00   "," 182,88   ",,09:05,01.07.2023
" 208,29746"," 109,23   ","  99,07   ","2499,60   ","-  11,30   "," 200,00   "," 208,30   ",,09:10,01.07.2023
" 241,43943"," 126,61   "," 114,83   ","2906,98   ","-   8,97   "," 239,00   "," 241,44   ",,09:15,01.07.2023
" 229,16418"," 120,15   "," 109,01   ","2750,01   ","-  14,54   "," 226,00   "," 229,16   ",,09:20,01.07.2023
" 261,65337"," 137,24   "," 124,42   ","3150,37   ","-  12,57   "," 256,00   "," 261,65   ",,09:25,01.07.2023
" 268,24617"," 140,69   "," 127,55   ","3197,68   ","-  16,36   "," 270,00   "," 270,00   ",,09:30,01.07.2023
" 254,84768"," 133,64   "," 121,21   ","3058,20   ","-  12,68   "," 251,00   "," 254,85   ",,09:35,01.07.2023
" 294,22583"," 154,32   "," 139,90   ","3542,56   ","-  17,33   "," 288,00   "," 294,23   ",,09:40,01.07.2023
" 297,08333"," 155,82   "," 141,26   ","3565,02   ","-  12,43   "," 298,00   "," 298,00   ",,09:45,01.07.2023
" 355,16294"," 186,21   "," 168,95   ","4276,24   ","-  14,95   "," 332,00   "," 355,16   ",,09:50,01.07.2023
" 401,1915 "," 210,34   "," 190,85   ","4814,34   ","-  20,62   "," 412,00   "," 412,00   ",,09:55,01.07.2023
" 362,0064 "," 189,87   "," 172,13   ","4358,65   ","-  20,00   "," 365,00   "," 365,00   ",,10:00,01.07.2023
" 375,12638"," 196,75   "," 178,37   ","4501,56   ","-  20,18   "," 357,00   "," 375,13   ",,10:05,01.07.2023
" 398,39545"," 208,92   "," 189,48   ","4796,78   ","-  21,41   "," 407,00   "," 407,00   ",,10:10,01.07.2023
" 501,44288"," 262,96   "," 238,49   ","6017,36   ","-  24,12   "," 452,00   "," 501,44   ",,10:15,01.07.2023
" 709,354  "," 372,13   "," 337,23   ","8540,78   ","-  33,93   "," 652,00   "," 709,35   ",,10:20,01.07.2023
" 610,47489"," 320,19   "," 290,28   ","7325,76   ","-  30,82   "," 633,00   "," 633,00   ",,10:25,01.07.2023
" 450,58765"," 236,33   "," 214,25   ","5425,20   ","-  25,62   "," 524,00   "," 524,00   ",,10:30,01.07.2023
" 429,98041"," 225,61   "," 204,37   ","5159,83   ","-  25,05   "," 424,00   "," 429,98   ",,10:35,01.07.2023
" 336,02312"," 176,24   "," 159,78   ","4045,82   ","-  20,87   "," 371,00   "," 371,00   ",,10:40,01.07.2023
" 372,21771"," 195,23   "," 176,99   ","4466,66   ","-  21,62   "," 355,00   "," 372,22   ",,10:45,01.07.2023
" 554,62504"," 290,96   "," 263,67   ","6677,82   ","-  27,49   "," 479,00   "," 554,63   ",,10:50,01.07.2023
" 655,71496"," 343,99   "," 311,73   ","7868,64   ","-  32,06   "," 737,00   "," 737,00   ",,10:55,01.07.2023
" 582,87865"," 305,72   "," 277,16   ","7018,00   ","-  30,41   "," 541,00   "," 582,88   ",,11:00,01.07.2023
" 453,13024"," 237,71   "," 215,42   ","5437,62   ","-  23,88   "," 477,00   "," 477,00   ",,11:05,01.07.2023
" 455,86474"," 239,15   "," 216,72   ","5488,73   ","-  24,52   "," 473,00   "," 473,00   ",,11:10,01.07.2023
" 442,62831"," 232,20   "," 210,43   ","5311,55   ","-   8,17   "," 447,00   "," 447,00   ",,11:15,01.07.2023
" 406,40192"," 213,16   "," 193,24   ","4893,13   ","   0,18   "," 407,00   "," 407,00   ",,11:20,01.07.2023
" 423,24614"," 221,99   "," 201,25   ","5078,97   ","-  11,11   "," 419,00   "," 423,25   ",,11:25,01.07.2023
" 486,91069"," 255,43   "," 231,48   ","5862,48   ","-  12,96   "," 479,00   "," 486,91   ",,11:30,01.07.2023
" 597,39487"," 313,39   "," 284,00   ","7168,77   ","-  22,39   "," 550,00   "," 597,39   ",,11:35,01.07.2023
" 666,05818"," 349,41   "," 316,64   ","8019,44   ","-  14,46   "," 694,00   "," 694,00   ",,11:40,01.07.2023
" 582,68598"," 305,68   "," 277,01   ","6992,25   ","-  17,79   "," 604,00   "," 604,00   ",,11:45,01.07.2023
" 472,00591"," 247,57   "," 224,44   ","5683,02   ","-  10,29   "," 484,00   "," 484,00   ",,11:50,01.07.2023
" 546,63714"," 286,71   "," 259,93   ","6559,67   ","-  16,84   "," 546,00   "," 546,64   ",,11:55,01.07.2023
" 469,24519"," 246,12   "," 223,13   ","5649,80   ","-  16,62   "," 447,00   "," 469,25   ",,12:00,01.07.2023
" 686,44592"," 360,04   "," 326,41   ","8237,38   ","-  23,43   "," 580,00   "," 686,45   ",,12:05,01.07.2023
" 725,90319"," 380,74   "," 345,17   ","8740,00   ","-  21,36   "," 783,00   "," 783,00   ",,12:10,01.07.2023
"1018,97931"," 534,45   "," 484,52   ","12227,76   ","-  12,36   "," 939,00   ","1018,98   ",,12:15,01.07.2023
"1242,2836 "," 651,58   "," 590,71   ","14957,29   ","-  29,09   ","1246,00   ","1246,00   ",,12:20,01.07.2023
"1078,5814 "," 565,72   "," 512,87   ","12943,04   ","-  40,73   ","1110,00   ","1110,00   ",,12:25,01.07.2023
" 972,44078"," 510,05   "," 462,40   ","11708,38   ","-  37,75   ","1018,00   ","1018,00   ",,12:30,01.07.2023
" 981,20226"," 514,64   "," 466,56   ","11696,50   ","-  35,52   "," 899,00   "," 981,20   ",,12:35,01.07.2023
"1175,41391"," 616,50   "," 558,91   ","14105,02   ","-  38,48   ","1225,00   ","1225,00   ",,12:40,01.07.2023
"1039,38316"," 545,26   "," 494,12   ","12514,33   ","-  22,01   "," 997,00   ","1039,38   ",,12:45,01.07.2023
"1020,30712"," 535,15   "," 485,16   ","12243,69   ","-  11,20   ","1129,00   ","1129,00   ",,12:50,01.07.2023
" 937,55071"," 491,84   "," 445,71   ","11288,26   ","-  24,66   "," 880,00   "," 937,55   ",,12:55,01.07.2023
" 699,56512"," 366,92   "," 332,64   ","8394,81   ","-  22,14   "," 760,00   "," 760,00   ",,13:00,01.07.2023
" 702,41165"," 368,34   "," 334,07   ","8457,17   ","-  25,19   "," 735,00   "," 735,00   ",,13:05,01.07.2023
" 449,12279"," 235,52   "," 213,60   ","5389,51   ","-  19,33   "," 461,00   "," 461,00   ",,13:10,01.07.2023
" 495,72334"," 259,86   "," 235,86   ","5968,61   ","-  19,34   "," 493,00   "," 495,72   ",,13:15,01.07.2023
" 510,00028"," 267,39   "," 242,61   ","6120,03   ","-  19,35   "," 520,00   "," 520,00   ",,13:20,01.07.2023
" 458,43059"," 240,40   "," 218,03   ","5519,60   ","-  20,55   "," 457,00   "," 458,43   ",,13:25,01.07.2023
" 494,54719"," 259,29   "," 235,26   ","5934,58   ","-  14,87   "," 486,00   "," 494,55   ",,13:30,01.07.2023
" 504,91358"," 264,68   "," 240,24   ","6079,25   ","-  17,64   "," 513,00   "," 513,00   ",,13:35,01.07.2023
" 583,99586"," 306,13   "," 277,87   ","7007,98   ","-  21,53   "," 593,00   "," 593,00   ",,13:40,01.07.2023
" 480,27521"," 251,71   "," 228,56   ","5782,62   ","-  20,94   "," 497,00   "," 497,00   ",,13:45,01.07.2023
" 564,53063"," 295,93   "," 268,60   ","6774,40   ","-  21,29   "," 539,00   "," 564,53   ",,13:50,01.07.2023
" 408,58614"," 214,14   "," 194,45   ","4919,47   ","-  18,87   "," 431,00   "," 431,00   ",,13:55,01.07.2023
" 388,37859"," 203,55   "," 184,83   ","4660,58   ","-  19,12   "," 393,00   "," 393,00   ",,14:00,01.07.2023
" 492,17546"," 258,00   "," 234,18   ","5925,90   ","-  21,09   "," 472,00   "," 492,18   ",,14:05,01.07.2023
" 995,07828"," 521,52   "," 473,56   ","11861,91   ","-  34,33   "," 940,00   "," 995,08   ",,14:10,01.07.2023
" 532,76794"," 279,33   "," 253,44   ","6393,26   ","-  22,97   "," 587,00   "," 587,00   ",,14:15,01.07.2023
" 680,10189"," 356,44   "," 323,66   ","8188,56   ","-  25,02   "," 671,00   "," 680,10   ",,14:20,01.07.2023
" 515,82533"," 270,34   "," 245,48   ","6189,94   ","-  21,32   "," 521,00   "," 521,00   ",,14:25,01.07.2023
" 481,71193"," 252,51   "," 229,20   ","5799,92   ","-  21,70   "," 489,00   "," 489,00   ",,14:30,01.07.2023
" 522,28863"," 273,73   "," 248,56   ","6267,51   ","-  24,15   "," 512,00   "," 522,29   ",,14:35,01.07.2023
" 573,98805"," 300,83   "," 273,16   ","6910,94   ","-  25,56   "," 584,00   "," 584,00   ",,14:40,01.07.2023
" 472,83306"," 247,91   "," 224,93   ","5674,04   ","-  21,49   "," 472,00   "," 472,83   ",,14:45,01.07.2023
" 558,99914"," 293,03   "," 265,97   ","6730,47   ","-  23,78   "," 533,00   "," 559,00   ",,14:50,01.07.2023
" 584,57919"," 306,38   "," 278,20   ","7014,99   ","-  24,87   "," 605,00   "," 605,00   ",,14:55,01.07.2023
" 581,00386"," 304,56   "," 276,44   ","6995,40   ","-  23,03   "," 571,00   "," 581,00   ",,15:00,01.07.2023
" 565,62031"," 296,44   "," 269,18   ","6787,49   ","-  24,47   "," 570,00   "," 570,00   ",,15:05,01.07.2023
" 523,96567"," 274,66   "," 249,30   ","6308,66   ","-  23,31   "," 541,00   "," 541,00   ",,15:10,01.07.2023
" 478,10099"," 250,62   "," 227,48   ","5737,26   ","-  22,46   "," 483,00   "," 483,00   ",,15:15,01.07.2023
" 504,31605"," 264,36   "," 239,95   ","6072,08   ","-  22,84   "," 506,00   "," 506,00   ",,15:20,01.07.2023
" 468,0745 "," 245,32   "," 222,76   ","5616,93   ","-  20,10   "," 482,00   "," 482,00   ",,15:25,01.07.2023
" 441,36525"," 231,32   "," 210,05   ","5314,14   ","-  20,63   "," 434,00   "," 441,37   ",,15:30,01.07.2023
" 752,57892"," 394,50   "," 358,08   ","9030,99   ","-  29,38   "," 704,00   "," 752,58   ",,15:35,01.07.2023
" 762,72064"," 399,82   "," 362,90   ","9183,31   ","-  31,76   "," 742,00   "," 762,72   ",,15:40,01.07.2023
" 876,05381"," 459,23   "," 416,83   ","10512,70   ","-  34,02   "," 869,00   "," 876,05   ",,15:45,01.07.2023
" 799,05701"," 418,95   "," 380,11   ","9620,80   ","-  31,44   "," 846,00   "," 846,00   ",,15:50,01.07.2023
" 645,26021"," 338,37   "," 306,89   ","7743,17   ","-  26,42   "," 624,00   "," 645,26   ",,15:55,01.07.2023
" 545,51276"," 286,01   "," 259,50   ","6568,08   ","-  19,89   "," 572,00   "," 572,00   ",,16:00,01.07.2023
" 758,44401"," 397,65   "," 360,79   ","9041,07   ","-  14,02   "," 732,00   "," 758,44   ",,16:05,01.07.2023
" 510,72323"," 267,77   "," 242,95   ","6128,72   ","-  22,08   "," 591,00   "," 591,00   ",,16:10,01.07.2023
" 696,0992 "," 365,03   "," 331,07   ","8381,17   ","-  26,83   "," 639,00   "," 696,10   ",,16:15,01.07.2023
" 351,67163"," 184,35   "," 167,33   ","4220,10   ","-  18,22   "," 432,00   "," 432,00   ",,16:20,01.07.2023
" 269,5789 "," 141,26   "," 128,32   ","3245,80   ","-  13,86   "," 276,00   "," 276,00   ",,16:25,01.07.2023
" 283,08444"," 148,36   "," 134,72   ","3397,05   ","-  15,78   "," 283,00   "," 283,08   ",,16:30,01.07.2023
" 494,70979"," 259,23   "," 235,48   ","5956,41   ","-  21,59   "," 427,00   "," 494,71   ",,16:35,01.07.2023
" 516,71771"," 270,81   "," 245,91   ","6200,65   ","-  22,80   "," 524,00   "," 524,00   ",,16:40,01.07.2023
" 453,35241"," 237,60   "," 215,75   ","5458,46   ","-  21,05   "," 465,00   "," 465,00   ",,16:45,01.07.2023
" 414,86093"," 217,39   "," 197,47   ","4978,37   ","-  19,77   "," 416,00   "," 416,00   ",,16:50,01.07.2023
" 439,93412"," 230,57   "," 209,36   ","5296,90   ","-  20,21   "," 451,00   "," 451,00   ",,16:55,01.07.2023
" 417,53504"," 218,79   "," 198,75   ","5010,46   ","-  19,31   "," 421,00   "," 421,00   ",,17:00,01.07.2023
" 329,33423"," 172,57   "," 156,76   ","3965,27   ","-  17,47   "," 348,00   "," 348,00   ",,17:05,01.07.2023
" 241,30105"," 126,42   "," 114,88   ","2895,65   ","-  14,86   "," 255,00   "," 255,00   ",,17:10,01.07.2023
" 214,06173"," 112,15   "," 101,91   ","2577,37   ","-  13,82   "," 221,00   "," 221,00   ",,17:15,01.07.2023
" 167,96716","  88,01   ","  79,95   ","2015,64   ","-  12,23   "," 169,00   "," 169,00   ",,17:20,01.07.2023
" 172,76374","  90,53   ","  82,24   ","2080,14   ","-  12,74   "," 172,00   "," 172,76   ",,17:25,01.07.2023
" 174,3532 ","  91,38   ","  82,97   ","2092,28   ","-  13,06   "," 174,00   "," 174,35   ",,17:30,01.07.2023
" 157,52571","  82,56   ","  74,97   ","1896,67   ","-  12,53   "," 160,00   "," 160,00   ",,17:35,01.07.2023
" 156,86214","  82,23   ","  74,63   ","1869,91   ","-  11,44   "," 155,00   "," 156,86   ",,17:40,01.07.2023
" 125,92633","  66,05   ","  59,88   ","1511,12   ","-   4,30   "," 134,00   "," 134,00   ",,17:45,01.07.2023
"  79,94646","  41,96   ","  37,99   "," 962,57   ","-   3,73   ","  84,00   ","  84,00   ",,17:50,01.07.2023
"  59,21882","  31,10   ","  28,12   "," 710,63   ","-   0,55   ","  62,00   ","  62,00   ",,17:55,01.07.2023
"  33,05207","  17,38   ","  15,67   "," 398,01   ","   6,77   ","  36,00   ","  36,00   ",,18:00,01.07.2023
"  23,10154","  12,16   ","  10,94   "," 277,31   ","   6,94   ","  22,00   ","  23,10   ",,18:05,01.07.2023
"  16,28908","   8,58   ","   7,71   "," 196,25   ","   7,01   ","  16,00   ","  16,29   ",,18:10,01.07.2023
"  13,52897","   7,14   ","   6,39   "," 162,49   ","   6,87   ","  12,00   ","  13,53   ",,18:15,01.07.2023
"   6,97474","   3,67   ","   3,30   ","  84,18   ","   5,85   ","   7,00   ","   7,00   ",,18:20,01.07.2023
"   1,12831","   0,61   ","   0,52   ","  14,07   ","   3,82   ","   1,13   ","   1,13   ",,18:25,01.07.2023
"   0,00417","   0,00   ","   0,00   ","   0,44   ","   0,44   ","   0,00   ","   0,00   ",,18:30,01.07.2023
"   0,00   ","   0,00   ","   0,00   ","   0,31   ","   0,31   ","   0,00   ","   0,00   ",,18:35,01.07.2023
"   0,00002","   0,00   ","   0,00   ","   0,12   ","-   0,12   ","   0,00   ","   0,00   ",,18:40,01.07.2023
"   0,00276","   0,00   ","   0,00   ","   0,44   ","   0,44   ","   0,00   ","   0,00   ",,18:45,01.07.2023
"   0,00   ","   0,00   ","   0,00   ","   0,00   ","   0,00   ","   0,00   ","   0,00   ",,18:50,01.07.2023
"   0,00   ","   0,00   ","   0,00   ","   0,00   ","   0,00   ","   0,00   ","   0,00   ",,18:55,01.07.2023
"   0,00   ","   0,00   ","   0,00   ","   0,00   ","   0,00   ","   0,00   ","   0,00   ",,19:00,01.07.2023
"   0,00   ","   0,00   ","   0,00   ","   0,00   ","   0,00   ","   0,00   ","   0,00   ",,19:05,01.07.2023
"   0,00   ","   0,00   ","   0,00   ","   0,00   ","   0,00   ","   0,00   ","   0,00   ",,19:10,01.07.2023
"   0,00   ","   0,00   ","   0,00   ","   0,00   ","   0,00   ","   0,00   ","   0,00   ",,19:15,01.07.2023
"   0,00   ","   0,00   ","   0,00   ","   0,00   ","   0,00   ","   0,00   ","   0,00   ",,19:20,01.07.2023
"   0,00   ","   0,00   ","   0,00   ","   0,00   ","   0,00   ","   0,00   ","   0,00   ",,19:25,01.07.2023
"   0,00   ","   0,00   ","   0,00   ","   0,00   ","   0,00   ","   0,00   ","   0,00   ",,19:30,01.07.2023
"   0,00   ","   0,00   ","   0,00   ","   0,00   ","   0,00   ","   0,00   ","   0,00   ",,19:35,01.07.2023
"   0,00   ","   0,00   ","   0,00   ","   0,00   ","   0,00   ","   0,00   ","   0,00   ",,19:40,01.07.2023
"   0,00   ","   0,00   ","   0,00   ","   0,00   ","   0,00   ","   0,00   ","   0,00   ",,19:45,01.07.2023
"   0,00   ","   0,00   ","   0,00   ","   0,00   ","   0,00   ","   0,00   ","   0,00   ",,19:50,01.07.2023
"   0,00   ","   0,00   ","   0,00   ","   0,00   ","   0,00   ","   0,00   ","   0,00   ",,19:55,01.07.2023
"   0,00   ","   0,00   ","   0,00   ","   0,00   ","   0,00   ","   0,00   ","   0,00   ",,20:00,01.07.2023
"   0,00   ","   0,00   ","   0,00   ","   0,00   ","   0,00   ","   0,00   ","   0,00   ",,20:05,01.07.2023
"   0,00   ","   0,00   ","   0,00   ","   0,00   ","   0,00   ","   0,00   ","   0,00   ",,20:10,01.07.2023
"   0,00   ","   0,00   ","   0,00   ","   0,00   ","   0,00   ","   0,00   ","   0,00   ",,20:15,01.07.2023
"   0,00   ","   0,00   ","   0,00   ","   0,00   ","   0,00   ","   0,00   ","   0,00   ",,20:20,01.07.2023
"   0,00   ","   0,00   ","   0,00   ","   0,00   ","   0,00   ","   0,00   ","   0,00   ",,20:25,01.07.2023
"   0,00   ","   0,00   ","   0,00   ","   0,00   ","   0,00   ","   0,00   ","   0,00   ",,20:30,01.07.2023
"   0,00   ","   0,00   ","   0,00   ","   0,00   ","   0,00   ","   0,00   ","   0,00   ",,20:35,01.07.2023
"   0,00   ","   0,00   ","   0,00   ","   0,00   ","   0,00   ","   0,00   ","   0,00   ",,20:40,01.07.2023
"   0,00   ","   0,00   ","   0,00   ","   0,00   ","   0,00   ","   0,00   ","   0,00   ",,20:45,01.07.2023
"   0,00   ","   0,00   ","   0,00   ","   0,00   ","   0,00   ","   0,00   ","   0,00   ",,20:50,01.07.2023
"   0,00   ","   0,00   ","   0,00   ","   0,00   ","   0,00   ","   0,00   ","   0,00   ",,20:55,01.07.2023
"   0,00   ","   0,00   ","   0,00   ","   0,00   ","   0,00   ","   0,00   ","   0,00   ",,21:00,01.07.2023
"   0,00   ","   0,00   ","   0,00   ","   0,00   ","   0,00   ","   0,00   ","   0,00   ",,21:05,01.07.2023
"   0,00   ","   0,00   ","   0,00   ","   0,00   ","   0,00   ","   0,00   ","   0,00   ",,21:10,01.07.2023
"   0,00   ","   0,00   ","   0,00   ","   0,00   ","   0,00   ","   0,00   ","   0,00   ",,21:15,01.07.2023
"   0,00   ","   0,00   ","   0,00   ","   0,00   ","   0,00   ","   0,00   ","   0,00   ",,21:20,01.07.2023
"   0,00   ","   0,00   ","   0,00   ","   0,00   ","   0,00   ","   0,00   ","   0,00   ",,21:25,01.07.2023
"   0,00   ","   0,00   ","   0,00   ","   0,00   ","   0,00   ","   0,00   ","   0,00   ",,21:30,01.07.2023
"   0,00   ","   0,00   ","   0,00   ","   0,00   ","   0,00   ","   0,00   ","   0,00   ",,21:35,01.07.2023
"   0,00   ","   0,00   ","   0,00   ","   0,00   ","   0,00   ","   0,00   ","   0,00   ",,21:40,01.07.2023
"   0,00   ","   0,00   ","   0,00   ","   0,00   ","   0,00   ","   0,00   ","   0,00   ",,21:45,01.07.2023
"   0,00   ","   0,00   ","   0,00   ","   0,00   ","   0,00   ","   0,00   ","   0,00   ",,21:50,01.07.2023
"   0,00   ","   0,00   ","   0,00   ","   0,00   ","   0,00   ","   0,00   ","   0,00   ",,21:55,01.07.2023
"   0,00   ","   0,00   ","   0,00   ","   0,00   ","   0,00   ","   0,00   ","   0,00   ",,22:00,01.07.2023
"   0,00   ","   0,00   ","   0,00   ","   0,00   ","   0,00   ","   0,00   ","   0,00   ",,22:05,01.07.2023
"   0,00   ","   0,00   ","   0,00   ","   0,00   ","   0,00   ","   0,00   ","   0,00   ",,22:10,01.07.2023
"   0,00   ","   0,00   ","   0,00   ","   0,00   ","   0,00   ","   0,00   ","   0,00   ",,22:15,01.07.2023
"   0,00   ","   0,00   ","   0,00   ","   0,00   ","   0,00   ","   0,00   ","   0,00   ",,22:20,01.07.2023
"   0,00   ","   0,00   ","   0,00   ","   0,00   ","   0,00   ","   0,00   ","   0,00   ",,22:25,01.07.2023
"   0,00   ","   0,00   ","   0,00   ","   0,00   ","   0,00   ","   0,00   ","   0,00   ",,22:30,01.07.2023
"   0,00   ","   0,00   ","   0,00   ","   0,00   ","   0,00   ","   0,00   ","   0,00   ",,22:35,01.07.2023
"   0,00   ","   0,00   ","   0,00   ","   0,00   ","   0,00   ","   0,00   ","   0,00   ",,22:40,01.07.2023
"   0,00   ","   0,00   ","   0,00   ","   0,00   ","   0,00   ","   0,00   ","   0,00   ",,22:45,01.07.2023
"   0,00   ","   0,00   ","   0,00   ","   0,00   ","   0,00   ","   0,00   ","   0,00   ",,22:50,01.07.2023
"   0,00   ","   0,00   ","   0,00   ","   0,00   ","   0,00   ","   0,00   ","   0,00   ",,22:55,01.07.2023
"   0,00   ","   0,00   ","   0,00   ","   0,00   ","   0,00   ","   0,00   ","   0,00   ",,23:00,01.07.2023
"   0,00   ","   0,00   ","   0,00   ","   0,00   ","   0,00   ","   0,00   ","   0,00   ",,23:05,01.07.2023
"   0,00   ","   0,00   ","   0,00   ","   0,00   ","   0,00   ","   0,00   ","   0,00   ",,23:10,01.07.2023
"   0,00   ","   0,00   ","   0,00   ","   0,00   ","   0,00   ","   0,00   ","   0,00   ",,23:15,01.07.2023
"   0,00   ","   0,00   ","   0,00   ","   0,00   ","   0,00   ","   0,00   ","   0,00   ",,23:20,01.07.2023
"   0,00   ","   0,00   ","   0,00   ","   0,00   ","   0,00   ","   0,00   ","   0,00   ",,23:25,01.07.2023
"   0,00   ","   0,00   ","   0,00   ","   0,00   ","   0,00   ","   0,00   ","   0,00   ",,23:30,01.07.2023
"   0,00   ","   0,00   ","   0,00   ","   0,00   ","   0,00   ","   0,00   ","   0,00   ",,23:35,01.07.2023
"   0,00   ","   0,00   ","   0,00   ","   0,00   ","   0,00   ","   0,00   ","   0,00   ",,23:40,01.07.2023
"   0,00   ","   0,00   ","   0,00   ","   0,00   ","   0,00   ","   0,00   ","   0,00   ",,23:45,01.07.2023
"   0,00   ","   0,00   ","   0,00   ","   0,00   ","   0,00   ","   0,00   ","   0,00   ",,23:50,01.07.2023
"   0,00   ","   0,00   ","   0,00   ","   0,00   ","   0,00   ","   0,00   ","   0,00   ",,23:55,01.07.2023
